{
  "magnitude": {
    "0.3": {
      "method": "magnitude",
      "target": 0.3,
      "sparsity": 0.2997742817414833,
      "test_acc": 92.61,
      "param_total": 855770,
      "param_nonzero": 600511,
      "param_total_dense": 855770,
      "compression_ratio": 1.4250696490155883,
      "wall_clock_sec": 2.41807222366333
    },
    "0.5": {
      "method": "magnitude",
      "target": 0.5,
      "sparsity": 0.49962419436667355,
      "test_acc": 91.45,
      "param_total": 855770,
      "param_nonzero": 430338,
      "param_total_dense": 855770,
      "compression_ratio": 1.988599658872793,
      "wall_clock_sec": 2.25839900970459
    },
    "0.7": {
      "method": "magnitude",
      "target": 0.7,
      "sparsity": 0.6994741069918639,
      "test_acc": 81.95,
      "param_total": 855770,
      "param_nonzero": 260165,
      "param_total_dense": 855770,
      "compression_ratio": 3.289335613937309,
      "wall_clock_sec": 2.29817271232605
    },
    "0.9": {
      "method": "magnitude",
      "target": 0.9,
      "sparsity": 0.8993228452244499,
      "test_acc": 23.57,
      "param_total": 855770,
      "param_nonzero": 89993,
      "param_total_dense": 855770,
      "compression_ratio": 9.509295167401909,
      "wall_clock_sec": 2.3511009216308594
    }
  },
  "magnitude_ft": {
    "0.3": {
      "method": "magnitude_ft",
      "target": 0.3,
      "sparsity": 0.29947128844961385,
      "test_acc": 92.72,
      "val_before_ft": 93.2,
      "val_after_ft": 93.38,
      "val_ft_gain": 0.1799999999999926,
      "step_acc": [
        [
          0,
          93.2
        ],
        [
          10,
          93.32
        ],
        [
          20,
          93.38
        ]
      ],
      "param_total": 855770,
      "param_nonzero": 600769,
      "param_total_dense": 855770,
      "compression_ratio": 1.42445765344084,
      "wall_clock_sec": 6.786365032196045
    },
    "0.5": {
      "method": "magnitude_ft",
      "target": 0.5,
      "sparsity": 0.4990827993761626,
      "test_acc": 92.28,
      "val_before_ft": 92.18,
      "val_after_ft": 92.86,
      "val_ft_gain": 0.6799999999999926,
      "step_acc": [
        [
          0,
          92.18
        ],
        [
          10,
          92.76
        ],
        [
          20,
          92.86
        ]
      ],
      "param_total": 855770,
      "param_nonzero": 430799,
      "param_total_dense": 855770,
      "compression_ratio": 1.9864716491913863,
      "wall_clock_sec": 6.326940536499023
    },
    "0.7": {
      "method": "magnitude_ft",
      "target": 0.7,
      "sparsity": 0.6985557319754223,
      "test_acc": 90.73,
      "val_before_ft": 82.8,
      "val_after_ft": 91.36,
      "val_ft_gain": 8.560000000000002,
      "step_acc": [
        [
          0,
          82.8
        ],
        [
          10,
          90.54
        ],
        [
          20,
          91.36
        ]
      ],
      "param_total": 855770,
      "param_nonzero": 260947,
      "param_total_dense": 855770,
      "compression_ratio": 3.279478208218527,
      "wall_clock_sec": 6.512289524078369
    },
    "0.9": {
      "method": "magnitude_ft",
      "target": 0.9,
      "sparsity": 0.897850156898852,
      "test_acc": 76.16,
      "val_before_ft": 23.92,
      "val_after_ft": 77.74,
      "val_ft_gain": 53.81999999999999,
      "step_acc": [
        [
          0,
          23.92
        ],
        [
          10,
          64.7
        ],
        [
          20,
          77.74
        ]
      ],
      "param_total": 855770,
      "param_nonzero": 91247,
      "param_total_dense": 855770,
      "compression_ratio": 9.378609707716418,
      "wall_clock_sec": 6.551303386688232
    }
  },
  "fanp": {
    "0.3": {
      "method": "fanp",
      "target": 0.3,
      "sparsity": 0.2699799413743212,
      "test_acc": 89.81,
      "pruning_rounds": 3,
      "round_log": [
        {
          "round": 0,
          "sparsity": 0.0996237246096319,
          "val_before_ft": 89.76,
          "val_after_ft": 93.24,
          "val_ft_gain": 3.4799999999999898,
          "slope": 0.1739999999999995,
          "overpruned": false,
          "step_acc": [
            [
              0,
              89.76
            ],
            [
              10,
              93.1
            ],
            [
              20,
              93.24
            ]
          ],
          "mean_fs": 0.013839934021234512,
          "rate_used": 0.1,
          "n_pruned": 84830
        },
        {
          "round": 1,
          "sparsity": 0.1892850767583006,
          "val_before_ft": 88.84,
          "val_after_ft": 92.48,
          "val_ft_gain": 3.6400000000000006,
          "slope": 0.18200000000000002,
          "overpruned": false,
          "step_acc": [
            [
              0,
              88.84
            ],
            [
              10,
              92.38
            ],
            [
              20,
              92.48
            ]
          ],
          "mean_fs": 0.020341577008366585,
          "rate_used": 0.1,
          "n_pruned": 76347
        },
        {
          "round": 2,
          "sparsity": 0.2699799413743212,
          "val_before_ft": 81.92,
          "val_after_ft": 91.38,
          "val_ft_gain": 9.459999999999994,
          "slope": 0.4729999999999997,
          "overpruned": false,
          "step_acc": [
            [
              0,
              81.92
            ],
            [
              10,
              90.96
            ],
            [
              20,
              91.38
            ]
          ],
          "mean_fs": 0.021645501255989075,
          "rate_used": 0.1,
          "n_pruned": 68712
        }
      ],
      "param_total": 855770,
      "param_nonzero": 625881,
      "param_total_dense": 855770,
      "compression_ratio": 1.3673046473690686,
      "model_save_path": "C:\\Users\\Radhakrishna\\Desktop\\DL_PROJECT\\fanp\\checkpoints\\pruned\\fanp_sp0.30.pth",
      "wall_clock_sec": 17.178575038909912
    },
    "0.5": {
      "method": "fanp",
      "target": 0.5,
      "sparsity": 0.2699799413743212,
      "test_acc": 90.5,
      "pruning_rounds": 3,
      "round_log": [
        {
          "round": 0,
          "sparsity": 0.0996237246096319,
          "val_before_ft": 89.12,
          "val_after_ft": 92.84,
          "val_ft_gain": 3.719999999999999,
          "slope": 0.18599999999999994,
          "overpruned": false,
          "step_acc": [
            [
              0,
              89.12
            ],
            [
              10,
              92.48
            ],
            [
              20,
              92.84
            ]
          ],
          "mean_fs": 0.017075950279831886,
          "rate_used": 0.1,
          "n_pruned": 84830
        },
        {
          "round": 1,
          "sparsity": 0.1892850767583006,
          "val_before_ft": 82.9,
          "val_after_ft": 92.14,
          "val_ft_gain": 9.239999999999995,
          "slope": 0.46199999999999974,
          "overpruned": false,
          "step_acc": [
            [
              0,
              82.9
            ],
            [
              10,
              91.38
            ],
            [
              20,
              92.14
            ]
          ],
          "mean_fs": 0.018575701862573624,
          "rate_used": 0.1,
          "n_pruned": 76347
        },
        {
          "round": 2,
          "sparsity": 0.2699799413743212,
          "val_before_ft": 77.86,
          "val_after_ft": 91.18,
          "val_ft_gain": 13.320000000000007,
          "slope": 0.6660000000000004,
          "overpruned": false,
          "step_acc": [
            [
              0,
              77.86
            ],
            [
              10,
              90.38
            ],
            [
              20,
              91.18
            ]
          ],
          "mean_fs": 0.026040980592370033,
          "rate_used": 0.1,
          "n_pruned": 68712
        }
      ],